row_index,true_label,binary_prediction,frequency_prediction
1205,sports,sports,sports
4971,sports,sports,sports
11207,sports,sports,sports
6783,business,business,business
3600,business,business,business
6490,politics,politics,politics
8609,sports,sports,sports
11492,politics,politics,sports
8070,sports,sports,sports
8577,business,business,business
7973,sports,sports,sports
10731,sports,sports,sports
1625,sports,sports,sports
536,sports,sports,sports
8766,sports,sports,sports
7970,politics,politics,politics
4212,sports,sports,sports
6456,politics,politics,politics
3507,sports,sports,sports
8393,sports,sports,sports
9524,sports,sports,sports
7112,sports,sports,sports
2708,sports,sports,sports
5031,sports,sports,sports
6514,politics,politics,politics
4662,sports,sports,sports
4021,sports,sports,sports
1854,sports,sports,sports
10863,sports,sports,sports
2872,sports,sports,sports
3030,sports,sports,sports
9397,politics,politics,politics
1645,sports,sports,sports
3417,sports,sports,sports
3476,sports,sports,sports
11026,business,business,business
1792,business,business,business
3797,sports,sports,sports
3368,sports,sports,sports
7196,sports,sports,sports
11262,sports,sports,sports
5109,politics,politics,politics
6024,sports,sports,sports
8795,sports,sports,sports
10711,sports,sports,sports
126,sports,sports,sports
5959,sports,sports,sports
3876,sports,sports,sports
4451,sports,sports,sports
7147,business,business,business
3531,sports,sports,sports
827,sports,sports,sports
9831,sports,sports,sports
7790,sports,sports,sports
984,sports,sports,sports
7783,sports,sports,sports
10380,politics,politics,politics
2443,sports,sports,sports
8554,sports,sports,sports
345,sports,sports,sports
814,sports,sports,sports
6166,sports,sports,sports
5779,sports,sports,sports
2116,sports,sports,sports
10026,politics,politics,politics
793,sports,sports,sports
11451,business,business,politics
6898,politics,politics,politics
2674,sports,sports,sports
94,sports,sports,sports
4225,politics,politics,politics
3756,sports,sports,sports
2891,sports,sports,sports
2371,sports,sports,sports
10823,politics,politics,politics
3228,sports,sports,sports
7863,sports,sports,sports
6359,sports,sports,sports
10599,sports,sports,sports
7326,politics,politics,politics
6028,sports,sports,sports
1865,sports,sports,sports
4612,sports,sports,sports
10049,sports,sports,sports
2645,sports,sports,sports
2243,sports,sports,sports
5373,sports,sports,sports
2336,sports,sports,sports
950,sports,sports,sports
1120,sports,sports,sports
2204,sports,sports,sports
419,sports,sports,sports
922,sports,sports,sports
9446,business,business,business
8669,sports,sports,sports
10227,sports,sports,sports
5408,sports,sports,sports
5788,sports,sports,sports
5742,sports,sports,sports
7667,sports,sports,sports
5567,business,business,business
8135,sports,sports,sports
1202,sports,sports,sports
5765,sports,sports,sports
8389,business,business,business
1970,business,business,business
4018,politics,politics,politics
10343,sports,sports,sports
3687,sports,sports,sports
1997,sports,sports,sports
4033,politics,politics,politics
1248,sports,sports,sports
2192,sports,sports,sports
2712,sports,sports,sports
9184,sports,sports,sports
2190,sports,sports,sports
4670,sports,sports,sports
5142,politics,politics,politics
5984,business,business,business
6565,sports,sports,sports
7804,sports,sports,sports
6943,sports,sports,sports
9510,business,business,business
10055,politics,politics,politics
2136,sports,sports,sports
1065,sports,sports,sports
600,sports,sports,sports
4227,politics,politics,politics
7577,sports,sports,sports
77,sports,sports,sports
7546,sports,sports,sports
2898,sports,sports,sports
4820,business,business,business
9506,sports,sports,sports
10723,sports,sports,sports
6413,business,business,business
9444,politics,politics,politics
9064,sports,sports,sports
8007,sports,sports,sports
5468,sports,sports,sports
5951,business,business,business
3391,sports,sports,sports
5415,business,business,business
2560,sports,sports,sports
11391,sports,sports,sports
8162,sports,sports,sports
2635,sports,sports,sports
5256,business,business,business
3530,sports,sports,sports
8567,sports,sports,sports
1908,sports,sports,sports
10675,politics,politics,politics
235,sports,sports,sports
1604,business,business,business
7984,politics,politics,politics
9310,politics,politics,politics
3490,sports,sports,sports
11343,sports,sports,sports
1994,business,business,politics
2824,sports,sports,sports
10701,sports,sports,sports
1342,sports,sports,sports
8512,sports,sports,sports
1619,sports,sports,sports
5287,sports,sports,sports
2060,sports,sports,sports
11461,sports,sports,sports
2219,sports,sports,sports
9865,sports,sports,sports
6038,sports,sports,sports
260,business,business,business
10798,sports,sports,sports
10231,politics,politics,politics
9093,sports,sports,sports
3744,sports,sports,sports
2026,sports,sports,sports
6988,sports,sports,sports
4234,business,business,business
1917,sports,sports,sports
1828,sports,sports,sports
9765,sports,sports,sports
6233,politics,politics,politics
10762,sports,sports,sports
6283,sports,sports,sports
4208,sports,sports,sports
224,business,business,business
8915,sports,sports,sports
10002,sports,sports,sports
9333,sports,sports,sports
6469,sports,sports,sports
10850,sports,sports,sports
846,sports,sports,sports
4289,sports,sports,sports
5560,sports,sports,sports
2551,business,business,business
117,sports,sports,sports
8837,politics,politics,politics
5966,sports,sports,sports
8195,sports,sports,sports
8659,business,business,business
7489,sports,sports,sports
5,sports,sports,sports
5342,sports,sports,sports
9111,business,business,business
4324,sports,sports,sports
1063,sports,sports,sports
2590,business,business,business
8434,sports,sports,sports
9352,sports,sports,sports
3735,sports,sports,sports
3517,sports,sports,sports
6986,politics,politics,politics
6767,sports,sports,sports
5622,politics,politics,politics
1605,sports,sports,sports
1733,sports,sports,sports
10516,politics,politics,politics
10771,sports,sports,sports
9504,sports,sports,sports
3812,sports,sports,sports
11092,sports,sports,sports
10554,sports,sports,sports
10167,sports,sports,sports
1761,business,business,business
5401,sports,sports,sports
2739,sports,sports,sports
2472,sports,sports,sports
6738,politics,politics,politics
6891,sports,sports,sports
7943,politics,politics,politics
9685,sports,sports,sports
4206,sports,sports,sports
6371,sports,sports,sports
10350,sports,sports,sports
9361,politics,politics,politics
10348,sports,sports,sports
232,sports,sports,sports
8258,sports,sports,sports
7561,sports,sports,sports
9795,politics,politics,politics
6168,sports,sports,sports
3596,sports,sports,sports
6288,politics,politics,politics
4632,politics,politics,politics
125,sports,sports,sports
7641,sports,sports,sports
6229,sports,sports,sports
1296,business,business,business
1976,sports,sports,sports
11209,sports,sports,sports
10876,business,business,business
10267,sports,sports,sports
5750,sports,sports,sports
8152,business,business,business
3086,politics,sports,politics
10692,business,business,business
6882,sports,sports,sports
10727,sports,sports,sports
7673,sports,sports,sports
3345,sports,sports,sports
8172,sports,sports,sports
10858,sports,sports,sports
5870,sports,sports,sports
6506,sports,sports,sports
2797,sports,sports,sports
918,business,business,business
1646,sports,sports,sports
5122,sports,sports,sports
5126,sports,sports,sports
4621,sports,sports,sports
6809,sports,sports,sports
364,sports,sports,sports
2125,sports,sports,sports
8150,politics,politics,politics
8717,politics,politics,politics
55,sports,sports,sports
638,sports,sports,sports
302,sports,sports,sports
5811,sports,sports,sports
1276,business,business,business
10247,sports,sports,sports
4432,sports,sports,sports
3644,politics,politics,politics
4143,sports,sports,sports
2878,sports,sports,sports
6493,politics,politics,politics
10478,sports,sports,sports
10453,sports,sports,sports
5240,sports,sports,sports
10844,sports,sports,sports
10488,sports,sports,sports
6937,business,business,business
7240,sports,sports,sports
9945,business,politics,business
10160,politics,politics,politics
2593,sports,sports,sports
2393,sports,sports,sports
523,sports,sports,sports
6376,sports,sports,sports
6981,politics,politics,politics
6677,sports,sports,sports
3900,sports,sports,sports
11103,business,business,business
5585,sports,sports,sports
10793,politics,politics,politics
7956,sports,sports,sports
7570,sports,sports,sports
6777,sports,sports,sports
10161,politics,politics,politics
671,sports,sports,sports
4188,sports,sports,sports
666,sports,sports,sports
3266,sports,sports,sports
1887,sports,sports,sports
8472,sports,sports,sports
9911,sports,sports,sports
9091,politics,politics,politics
7687,sports,sports,sports
6031,politics,politics,politics
6090,politics,politics,politics
6238,business,business,business
7350,sports,sports,sports
7830,politics,politics,politics
760,sports,sports,sports
6254,politics,politics,politics
1906,sports,sports,sports
3818,sports,sports,sports
6269,sports,sports,sports
4300,sports,sports,sports
5569,sports,sports,sports
7941,sports,sports,sports
4164,sports,sports,sports
5971,sports,sports,sports
3579,politics,politics,politics
2832,sports,sports,sports
5449,sports,sports,sports
3472,sports,sports,sports
6327,sports,sports,sports
137,sports,sports,sports
7043,sports,sports,sports
4892,sports,sports,sports
2180,sports,sports,sports
10320,business,business,business
7730,sports,sports,sports
3177,business,business,business
4854,sports,sports,sports
4637,sports,sports,sports
5115,business,business,business
10722,sports,sports,sports
7648,sports,sports,sports
4261,sports,sports,sports
1331,sports,sports,sports
10209,business,business,business
10674,sports,sports,sports
7002,sports,sports,sports
9550,sports,sports,sports
6941,politics,politics,politics
8017,sports,sports,sports
6241,sports,sports,sports
9521,sports,sports,sports
11502,sports,sports,sports
6881,business,business,business
10342,sports,sports,sports
4530,sports,sports,sports
10314,sports,sports,sports
4673,sports,sports,sports
6996,sports,sports,sports
1252,sports,sports,sports
3374,sports,sports,sports
2814,sports,sports,sports
4719,business,business,business
6544,sports,sports,sports
10040,sports,sports,sports
4858,sports,sports,sports
7901,sports,sports,sports
8580,sports,sports,sports
8427,sports,sports,sports
1077,sports,sports,sports
10176,sports,sports,sports
4363,sports,sports,sports
770,sports,sports,sports
10357,politics,politics,politics
8865,business,business,business
249,sports,sports,sports
9766,business,business,business
7239,business,business,business
3419,sports,sports,sports
10273,sports,sports,sports
10015,sports,sports,sports
4976,sports,sports,sports
4544,sports,sports,sports
5565,politics,politics,politics
7939,sports,sports,sports
716,sports,sports,sports
11125,sports,sports,sports
2048,sports,sports,sports
5997,sports,sports,sports
6600,sports,sports,sports
7245,politics,politics,politics
4178,sports,sports,sports
4809,sports,sports,sports
10930,sports,sports,sports
7140,sports,sports,sports
7190,sports,sports,sports
1460,sports,sports,sports
5989,sports,sports,sports
9860,sports,sports,sports
2000,sports,sports,sports
8175,sports,sports,sports
404,sports,sports,sports
384,sports,sports,sports
10891,sports,sports,sports
10935,sports,sports,sports
10344,business,business,business
1633,sports,sports,sports
11011,sports,sports,sports
4784,politics,politics,politics
10903,politics,politics,politics
6970,sports,sports,sports
3925,sports,sports,sports
4158,sports,sports,sports
7449,sports,sports,sports
8415,sports,sports,sports
2193,sports,sports,sports
10016,sports,sports,sports
1015,sports,sports,sports
5124,sports,sports,sports
7418,sports,sports,sports
7409,politics,politics,politics
8989,sports,sports,sports
2871,sports,sports,sports
9,sports,sports,sports
10136,politics,politics,politics
1838,sports,sports,sports
4804,sports,sports,sports
255,business,business,business
7026,sports,sports,sports
5713,sports,sports,sports
3324,politics,politics,politics
7714,sports,sports,sports
1581,sports,sports,sports
924,sports,sports,sports
2779,politics,politics,politics
10700,sports,sports,sports
7891,sports,sports,sports
6132,sports,sports,sports
5320,sports,sports,sports
7312,business,business,business
7102,sports,sports,sports
6042,business,politics,business
3775,sports,sports,sports
4835,politics,politics,politics
4964,politics,politics,politics
539,sports,sports,sports
7483,sports,sports,sports
2745,sports,sports,sports
3719,sports,sports,sports
6819,sports,sports,sports
9337,sports,sports,sports
4468,business,business,sports
667,sports,sports,sports
7575,sports,sports,sports
8549,business,business,business
5063,sports,sports,sports
1353,sports,sports,sports
7114,sports,sports,sports
11258,sports,sports,sports
8662,sports,sports,sports
2703,sports,sports,sports
3330,sports,sports,sports
8053,sports,sports,sports
9588,sports,sports,sports
3584,sports,sports,sports
10883,sports,sports,sports
5645,sports,sports,sports
3376,sports,sports,sports
1256,sports,sports,sports
6190,sports,sports,sports
9442,politics,politics,politics
5348,politics,politics,politics
4175,sports,sports,sports
4910,sports,sports,sports
1852,sports,sports,sports
6316,business,business,business
11349,business,business,business
2105,sports,sports,sports
133,sports,sports,sports
5029,sports,sports,sports
928,business,business,business
823,sports,sports,sports
7576,sports,sports,sports
1531,business,business,business
1214,sports,sports,sports
504,sports,sports,sports
10188,sports,sports,sports
6530,sports,sports,sports
3072,sports,sports,sports
10150,sports,sports,sports
9576,sports,sports,sports
9086,politics,politics,politics
8647,business,business,business
6619,sports,sports,sports
9273,business,business,business
3709,politics,politics,politics
11045,business,business,business
4849,business,politics,politics
4748,sports,sports,sports
4268,politics,politics,politics
11377,sports,sports,sports
8905,politics,politics,politics
4186,sports,sports,sports
10406,politics,politics,politics
5301,sports,sports,sports
2923,sports,sports,sports
6588,sports,sports,sports
1810,sports,sports,sports
3486,sports,sports,sports
7419,politics,politics,politics
3141,sports,sports,sports
10019,sports,sports,sports
9347,politics,politics,politics
1324,sports,sports,sports
4312,sports,sports,sports
7494,politics,politics,politics
8702,sports,sports,sports
9872,business,politics,business
8691,sports,sports,sports
10952,business,business,business
10048,business,politics,politics
9580,politics,politics,politics
10578,sports,sports,sports
5541,business,business,business
6172,sports,sports,sports
1540,sports,sports,sports
9409,business,business,business
2681,sports,sports,sports
11381,sports,sports,sports
6313,sports,sports,sports
1191,sports,sports,sports
5293,business,business,business
1542,sports,sports,sports
7056,sports,sports,sports
2539,sports,sports,sports
953,sports,sports,sports
7241,sports,sports,sports
6731,politics,politics,politics
4846,sports,sports,sports
6801,sports,sports,sports
8010,sports,sports,sports
4330,sports,sports,sports
8924,sports,sports,sports
5334,sports,sports,sports
7330,sports,sports,sports
9348,politics,politics,politics
4729,sports,sports,sports
6541,sports,sports,sports
5305,business,business,business
5161,sports,sports,sports
7860,sports,sports,sports
2156,sports,sports,sports
1062,sports,sports,sports
10808,sports,sports,sports
1167,business,business,business
3636,business,business,business
7651,sports,sports,sports
5588,sports,sports,sports
7192,sports,sports,sports
4491,politics,politics,politics
7266,sports,sports,sports
4980,sports,sports,sports
8335,business,business,business
11458,sports,sports,sports
4946,business,business,business
2782,politics,politics,politics
717,sports,sports,sports
10011,sports,sports,sports
2502,sports,sports,sports
4360,politics,politics,politics
4171,politics,politics,politics
8082,sports,sports,sports
11244,business,business,business
395,sports,sports,sports
7186,sports,sports,sports
11312,sports,sports,sports
4492,politics,politics,politics
1365,business,business,business
10977,sports,sports,sports
8787,sports,sports,sports
5917,sports,sports,sports
4968,sports,sports,sports
2914,sports,sports,sports
10518,sports,sports,sports
5644,sports,sports,sports
3766,business,business,business
3440,sports,sports,sports
7357,politics,politics,politics
6806,sports,sports,sports
9879,politics,politics,politics
2143,sports,sports,sports
5104,politics,politics,politics
5073,business,business,business
1571,sports,sports,sports
4079,sports,sports,sports
1122,sports,sports,sports
2786,sports,sports,sports
2967,sports,sports,sports
2504,sports,sports,sports
5988,politics,politics,politics
8867,sports,sports,sports
7164,sports,sports,sports
728,sports,sports,sports
7587,sports,sports,sports
7543,sports,sports,sports
412,sports,sports,sports
9708,sports,sports,sports
5745,sports,sports,sports
7668,sports,sports,sports
825,sports,sports,sports
3267,sports,sports,sports
3974,sports,sports,sports
8808,sports,sports,sports
8306,business,politics,politics
417,business,business,business
9817,sports,sports,sports
6748,sports,sports,sports
8967,sports,sports,sports
11114,business,business,business
2082,politics,politics,politics
8945,sports,sports,sports
10738,sports,sports,sports
3373,business,business,business
5726,sports,sports,sports
4107,sports,sports,sports
10636,sports,sports,sports
4380,sports,sports,sports
7723,politics,politics,politics
1066,sports,sports,sports
3913,business,business,business
5536,sports,sports,sports
8002,sports,sports,sports
5387,sports,sports,sports
5732,politics,politics,politics
2738,sports,sports,sports
5052,sports,sports,sports
4000,sports,sports,sports
9760,politics,politics,politics
2427,sports,sports,sports
6833,sports,sports,sports
10123,business,business,business
1687,sports,sports,sports
851,sports,sports,sports
6303,sports,sports,sports
9087,business,business,business
5878,sports,sports,sports
8527,sports,sports,sports
2839,sports,sports,sports
4611,sports,sports,sports
9540,sports,sports,sports
9207,politics,politics,politics
11008,business,business,business
9823,sports,sports,sports
2489,sports,sports,sports
6905,business,business,business
7390,sports,sports,sports
2849,politics,politics,politics
6665,politics,politics,politics
5881,sports,sports,sports
10262,sports,sports,sports
4452,sports,sports,sports
9949,business,business,business
7421,sports,sports,sports
9827,sports,sports,sports
6484,sports,sports,sports
2479,business,business,business
6617,business,business,business
10457,business,business,business
2141,sports,sports,sports
5188,sports,sports,sports
11184,sports,sports,sports
2744,sports,sports,sports
7253,sports,sports,sports
3506,sports,sports,sports
1679,sports,sports,sports
4249,sports,sports,sports
3147,politics,politics,politics
8130,sports,sports,sports
10486,sports,sports,sports
7004,sports,sports,sports
580,sports,sports,sports
9662,sports,sports,sports
4070,sports,sports,sports
3343,sports,sports,sports
7404,sports,sports,sports
3672,sports,sports,sports
559,sports,sports,sports
5237,sports,sports,sports
7805,sports,sports,sports
11041,business,business,business
512,sports,sports,sports
1081,sports,sports,sports
1664,sports,sports,sports
9204,sports,sports,sports
1931,sports,sports,sports
11140,business,business,business
1150,sports,sports,sports
2838,sports,sports,sports
5949,sports,sports,sports
8308,sports,sports,sports
8932,sports,sports,sports
11274,sports,sports,sports
5177,sports,sports,sports
830,sports,sports,sports
8311,business,business,business
4752,sports,sports,sports
11242,sports,sports,sports
11202,sports,sports,sports
635,sports,sports,sports
4465,sports,sports,sports
6799,sports,sports,sports
7987,sports,sports,sports
7079,politics,politics,politics
6966,politics,politics,politics
4142,politics,politics,politics
7027,sports,sports,sports
9183,politics,politics,politics
876,sports,sports,sports
4869,politics,business,business
5315,sports,sports,sports
5222,politics,politics,politics
4,sports,sports,sports
3051,business,business,business
5691,sports,sports,sports
3124,sports,sports,sports
10852,sports,sports,sports
2491,sports,sports,sports
3854,sports,sports,sports
4777,politics,politics,politics
9907,sports,sports,sports
7509,sports,sports,sports
6457,business,business,business
6293,business,business,business
1148,sports,sports,sports
574,sports,sports,sports
3769,sports,sports,sports
4146,sports,sports,sports
853,sports,sports,sports
10174,sports,sports,sports
10966,politics,politics,politics
5919,business,business,business
9358,sports,sports,sports
6614,sports,sports,sports
6002,sports,sports,sports
9163,sports,sports,sports
10893,sports,sports,sports
4495,sports,sports,sports
8173,politics,politics,politics
6655,business,sports,sports
2368,sports,sports,sports
4780,politics,business,politics
7992,sports,politics,sports
2950,business,business,business
5625,sports,sports,sports
6971,sports,sports,sports
8716,sports,sports,sports
10647,sports,sports,sports
1841,sports,sports,sports
5986,business,business,business
537,sports,sports,sports
2806,sports,sports,sports
5801,business,business,business
5596,politics,politics,politics
7206,sports,sports,sports
7343,sports,sports,sports
7560,business,business,business
8096,sports,sports,sports
784,business,business,business
1409,sports,sports,sports
10729,sports,sports,sports
154,sports,sports,sports
7806,sports,sports,sports
3009,sports,sports,sports
1686,sports,sports,sports
11093,business,business,business
4014,sports,sports,sports
7455,politics,politics,politics
3863,sports,sports,sports
2733,business,business,business
1895,business,business,business
5442,sports,sports,sports
569,sports,sports,sports
6709,politics,politics,politics
5854,politics,politics,business
1816,sports,sports,sports
10257,sports,sports,sports
8319,sports,sports,sports
3394,sports,sports,sports
3327,sports,sports,sports
11497,sports,sports,sports
6102,sports,sports,sports
2975,sports,sports,sports
980,sports,sports,sports
10492,sports,sports,sports
190,sports,sports,sports
9331,sports,sports,sports
5088,business,business,business
699,business,business,business
11243,sports,sports,sports
606,sports,sports,sports
301,politics,politics,politics
3420,sports,sports,sports
11291,business,business,politics
1060,sports,sports,sports
10757,sports,sports,sports
3444,politics,politics,politics
1069,sports,sports,sports
10716,sports,sports,sports
2205,sports,sports,sports
9435,sports,sports,sports
7339,sports,sports,sports
8208,sports,sports,sports
7679,sports,sports,sports
4642,sports,sports,sports
7683,politics,politics,politics
9007,sports,sports,sports
7996,sports,sports,sports
5600,politics,politics,politics
9151,business,business,business
7022,sports,sports,sports
4893,sports,sports,sports
225,sports,sports,sports
3354,sports,sports,sports
5895,sports,sports,sports
10677,politics,politics,politics
8754,sports,sports,sports
3436,politics,politics,politics
1693,sports,sports,sports
6893,sports,sports,sports
1045,sports,sports,sports
3446,sports,sports,sports
8050,sports,sports,sports
9146,sports,sports,sports
11496,sports,sports,sports
10927,sports,sports,sports
4735,sports,sports,sports
4496,sports,sports,sports
1218,sports,sports,sports
6015,sports,sports,sports
9719,sports,sports,sports
3987,sports,sports,sports
4911,politics,politics,politics
9492,sports,sports,sports
4493,politics,politics,politics
6944,sports,sports,sports
5699,sports,sports,sports
8352,sports,sports,sports
956,sports,sports,sports
2869,politics,politics,politics
4433,sports,sports,sports
4973,politics,politics,politics
2961,sports,sports,sports
2200,sports,sports,sports
98,sports,sports,sports
11342,sports,sports,sports
2557,business,business,business
8445,sports,sports,sports
4199,sports,sports,sports
9637,sports,sports,sports
5539,sports,business,sports
1648,business,business,business
9888,sports,sports,sports
6197,sports,sports,sports
6295,sports,sports,sports
4499,sports,sports,sports
1154,sports,sports,sports
2255,business,business,business
9874,politics,politics,politics
3170,sports,sports,sports
7400,sports,sports,sports
10248,sports,sports,sports
7158,sports,sports,sports
3108,business,business,business
4548,sports,sports,sports
5423,sports,sports,sports
2049,sports,sports,sports
9208,politics,politics,politics
8815,sports,sports,sports
11514,sports,sports,sports
262,sports,sports,sports
4061,sports,sports,sports
5534,politics,politics,politics
6616,politics,politics,politics
8120,business,business,business
8155,politics,politics,politics
1802,business,business,business
4736,sports,sports,sports
11507,sports,sports,sports
2385,sports,sports,sports
6694,sports,sports,sports
5759,business,business,business
1959,sports,sports,sports
2976,sports,sports,sports
8680,sports,sports,sports
1843,politics,politics,politics
1734,sports,sports,sports
2911,sports,sports,sports
8338,business,business,business
1986,sports,sports,sports
9561,sports,sports,sports
6546,sports,sports,sports
7098,politics,politics,politics
2811,sports,sports,sports
659,sports,sports,sports
9986,politics,politics,politics
2511,sports,sports,sports
4282,sports,sports,sports
9339,sports,sports,sports
8800,politics,politics,politics
6287,politics,politics,politics
1930,politics,politics,sports
7125,sports,sports,sports
197,sports,sports,sports
7777,sports,sports,sports
2931,business,business,business
8004,politics,politics,politics
2327,sports,sports,sports
4389,sports,sports,sports
8958,sports,sports,sports
4218,sports,sports,sports
202,sports,sports,sports
3510,politics,politics,politics
4931,sports,sports,sports
5535,sports,sports,sports
9925,sports,sports,sports
5791,sports,sports,sports
10969,business,business,business
1707,sports,sports,sports
5172,politics,politics,politics
5249,politics,politics,politics
6528,sports,sports,sports
11340,sports,sports,sports
5855,sports,sports,sports
8164,sports,sports,sports
854,sports,sports,sports
4737,politics,politics,politics
10352,sports,sports,sports
698,sports,sports,sports
11191,sports,sports,sports
3696,sports,sports,sports
1636,sports,sports,sports
7280,politics,politics,politics
7554,politics,politics,politics
3581,sports,sports,sports
1291,sports,sports,sports
6585,business,business,business
1853,sports,sports,sports
5232,sports,sports,sports
3763,sports,sports,sports
3304,sports,sports,sports
1495,sports,sports,sports
7994,sports,sports,sports
1998,business,business,business
663,sports,sports,sports
3748,sports,sports,sports
4413,sports,sports,sports
5530,business,business,business
5575,politics,politics,politics
8901,sports,sports,sports
7526,sports,sports,sports
9474,sports,sports,sports
5864,sports,sports,sports
10867,sports,sports,sports
6776,sports,sports,sports
1306,sports,sports,sports
7392,sports,sports,sports
10429,politics,politics,politics
5592,politics,politics,politics
10230,sports,sports,sports
9721,politics,politics,politics
1663,sports,sports,sports
5450,politics,politics,politics
11437,sports,sports,sports
11460,sports,sports,sports
3627,sports,sports,sports
2693,sports,sports,sports
11252,sports,sports,sports
9789,politics,politics,politics
10921,sports,sports,sports
10817,sports,sports,sports
5915,sports,sports,sports
3157,sports,sports,sports
9914,politics,politics,politics
6668,sports,sports,sports
1059,sports,sports,sports
4636,sports,sports,sports
3242,sports,sports,sports
1678,sports,sports,sports
6892,business,business,business
6374,business,business,business
7574,sports,sports,sports
1757,sports,sports,sports
6019,sports,sports,sports
5116,sports,sports,sports
8755,politics,politics,politics
7408,sports,sports,sports
2790,sports,sports,sports
863,business,business,business
7858,sports,sports,sports
1484,business,business,business
7035,politics,politics,politics
7721,politics,politics,politics
5977,sports,sports,sports
5134,sports,sports,sports
206,sports,sports,sports
4488,business,business,business
6938,sports,sports,sports
9062,business,business,business
6910,sports,sports,sports
502,sports,sports,sports
7385,sports,sports,sports
1028,business,business,business
3840,sports,sports,sports
10882,business,politics,politics
8110,sports,sports,sports
5056,sports,sports,sports
9762,politics,politics,politics
8154,sports,sports,sports
10965,sports,sports,sports
2731,politics,politics,politics
8996,business,business,business
2454,sports,sports,sports
7215,politics,politics,politics
3104,sports,sports,sports
8392,sports,sports,sports
6278,sports,sports,sports
3099,sports,sports,sports
6184,sports,sports,sports
10470,politics,politics,politics
3561,business,business,business
5892,sports,sports,sports
391,sports,sports,sports
6736,politics,politics,politics
5618,sports,sports,sports
5258,sports,sports,sports
9687,politics,politics,politics
2695,sports,sports,sports
2027,sports,sports,sports
5463,sports,sports,sports
2568,business,business,business
8006,sports,sports,sports
64,sports,sports,sports
2062,business,business,business
5276,politics,politics,politics
7208,sports,sports,sports
8684,politics,politics,politics
8571,sports,sports,sports
6331,sports,sports,sports
4859,sports,sports,sports
4887,business,business,business
9268,sports,sports,sports
878,sports,sports,sports
8529,sports,sports,sports
7916,sports,sports,sports
6863,politics,politics,politics
7892,sports,sports,sports
6439,sports,sports,sports
7869,sports,sports,sports
1016,sports,sports,sports
9467,sports,sports,sports
7629,politics,politics,politics
995,sports,sports,sports
10173,sports,sports,sports
4297,sports,sports,sports
161,sports,sports,sports
5675,sports,sports,sports
6873,business,business,business
9692,sports,sports,sports
7989,sports,sports,sports
3843,politics,business,politics
10805,sports,sports,sports
1021,sports,sports,sports
3073,politics,politics,politics
7555,sports,sports,sports
3943,sports,sports,sports
1585,sports,sports,sports
10147,sports,sports,sports
3152,sports,sports,sports
8226,politics,politics,politics
775,sports,sports,sports
10748,sports,sports,sports
9670,sports,sports,sports
7099,politics,politics,politics
5486,sports,sports,sports
6235,sports,sports,sports
9555,business,business,business
7041,sports,sports,sports
2612,business,business,business
7513,sports,sports,sports
11016,business,business,business
10233,sports,sports,sports
8433,sports,sports,sports
10253,sports,sports,sports
10555,sports,sports,sports
8792,sports,sports,sports
10627,sports,sports,sports
5393,politics,politics,politics
11080,business,business,business
8838,politics,politics,politics
3890,sports,sports,sports
3556,sports,sports,sports
11394,business,business,business
1528,sports,sports,sports
1267,sports,sports,sports
7734,sports,sports,sports
1899,sports,sports,sports
4658,politics,politics,politics
3005,sports,sports,sports
2734,sports,sports,sports
189,sports,sports,sports
9998,politics,politics,politics
9167,sports,sports,sports
2747,sports,sports,sports
2047,sports,sports,sports
7849,sports,sports,sports
2558,business,business,business
9274,sports,sports,sports
8666,sports,sports,sports
11096,business,business,business
6396,sports,sports,sports
3385,sports,sports,sports
4555,sports,sports,sports
1184,business,business,business
6420,sports,sports,sports
5051,politics,politics,politics
5311,sports,sports,sports
2433,sports,sports,sports
6949,politics,politics,politics
10583,sports,sports,sports
769,politics,politics,politics
1685,sports,sports,sports
8322,sports,sports,sports
11111,business,business,business
11363,sports,sports,sports
5578,sports,sports,sports
4426,politics,politics,politics
466,business,business,business
6265,business,politics,business
5734,sports,sports,sports
11284,sports,sports,sports
5191,sports,sports,sports
5390,sports,sports,sports
860,sports,sports,sports
7270,business,business,business
